Brand,Model
212,212
AION,ES
AION,LX
AION,Y
AITO,M5
AITO,M7
AITO,M9
Abarth,124 Spider
Abarth,595
Abarth,695
Acura,MDX
Acura,RDX
Acura,TLX
Alfa Romeo,4C
Alfa Romeo,Giulia
Alfa Romeo,Giulietta
Alfa Romeo,Stelvio
Alfa Romeo,Tonale
Alpina,B3
Alpina,B4
Alpina,B5
Alpina,B7
Alpina,XB7
Alpine,A110
Arcfox,Alpha S
Arcfox,Alpha T
Arcfox,Kaola
Ashok Leyland,Dost
Ashok Leyland,Partner
Aston Martin,DB11
Aston Martin,DB12
Aston Martin,DB7
Aston Martin,DB9
Aston Martin,DBS
Aston Martin,DBX
Aston Martin,V12 Vantage
Aston Martin,V8 Vantage
Aston Martin,Vanquish
Avatr,07
Avatr,11
Avatr,12
BAIC,BJ40
BAIC,BJ60
BAIC,X25
BAIC,X35
BAIC,X55
BAIC,X7
BAW,Ace
BAW,BJ212
BAW,Pony
BMW,1 Series
BMW,2 Series
BMW,3 Series
BMW,4 Series
BMW,5 Series
BMW,6 Series
BMW,7 Series
BMW,8 Series
BMW,M2
BMW,M3
BMW,M4
BMW,M5
BMW,M6
BMW,M8
BMW,X1
BMW,X2
BMW,X3
BMW,X4
BMW,X5
BMW,X6
BMW,X7
BMW,XM
BMW,Z4
BMW,i3
BMW,i4
BMW,i5
BMW,i7
BMW,i8
BMW,iX
BMW,iX1
BMW,iX2
BMW,iX3
BMW Alpina,B3
BMW Alpina,B4
BMW Alpina,B5
BMW Alpina,B7
BMW Alpina,XB7
BRABUS,G-Class
BRABUS,GLE
BRABUS,GLS
BRABUS,Smart
BYD,Atto 3
BYD,Destroyer 05
BYD,Dolphin
BYD,Han
BYD,Qin Plus
BYD,Seal
BYD,Shark
BYD,Song Plus
BYD,Tang
Bentley,Arnage
Bentley,Bentayga
Bentley,Continental GT
Bentley,Continental GTC
Bentley,Flying Spur
Bentley,Mulsanne
Bestune,B30
Bestune,B50
Bestune,T77
Bestune,T99
Brilliance,V3
Brilliance,V5
Brilliance,V6
Brilliance,V7
Bugatti,Chiron
Bugatti,Veyron
Buick,Enclave
Buick,Encore
Buick,Envision
CMC,T20
CMC,T30
CMC,Veryca
Can-am,Maverick
Can-am,Spyder
Caterham,Seven
Changan,Alsvin
Changan,CS35
Changan,CS55
Changan,CS75
Changan,CS85
Changan,CS95
Changan,Eado
Changan,UNI-K
Changan,UNI-T
Changan,UNI-V
Chery,Arrizo 3
Chery,Arrizo 5
Chery,Arrizo 6
Chery,Tiggo 4
Chery,Tiggo 7
Chery,Tiggo 8
Chery,Tiggo 9
Chevrolet,Astro
Chevrolet,Aveo
Chevrolet,Blazer
Chevrolet,Bolt
Chevrolet,C10
Chevrolet,Camaro
Chevrolet,Caprice
Chevrolet,Captiva
Chevrolet,Colorado
Chevrolet,Corvette
Chevrolet,Cruze
Chevrolet,Epica
Chevrolet,Equinox
Chevrolet,Express
Chevrolet,Groove
Chevrolet,HHR
Chevrolet,Impala
Chevrolet,Malibu
Chevrolet,Silverado 1500
Chevrolet,Silverado 2500 HD
Chevrolet,Silverado 3500 HD
Chevrolet,Sonic
Chevrolet,Spark
Chevrolet,Suburban
Chevrolet,Tahoe
Chevrolet,Trailblazer
Chevrolet,Traverse
Chevrolet,Trax
Chrysler,300
Chrysler,Pacifica
Chrysler,Voyager
Citroen,C-Elysee
Citroen,C3
Citroen,C4
Citroen,C5 Aircross
Citroen,DS3
DFSK,Glory 500
DFSK,Glory 560
DFSK,Glory 580
DFSK,iX5
Daihatsu,Charade
Daihatsu,Mira
Daihatsu,Sirion
Daihatsu,Terios
Denza,D9
Denza,N7
Denza,N8
Dodge,Challenger
Dodge,Charger
Dodge,Durango
Dodge,Hornet
Dodge,Journey
DongFeng,Aeolus
DongFeng,Glory
DongFeng,Huge
DongFeng,T5 EVO
DongFeng,T5L
Exeed,LX
Exeed,RX
Exeed,TXL
Exeed,VX
Fengon,580
Fengon,iX5
Fengon,iX7
Ferrari,296
Ferrari,488
Ferrari,812
Ferrari,California
Ferrari,F12
Ferrari,F8
Ferrari,GTC4Lusso
Ferrari,Portofino
Ferrari,Purosangue
Ferrari,Roma
Ferrari,SF90
Fiat,500
Fiat,500X
Fiat,Doblo
Fiat,Ducato
Fiat,Panda
Fiat,Tipo
Force,Gurkha
Force,Traveller
Forthing,Friday
Forthing,T5
Forthing,T5 EVO
Forthing,Yacht
Foton,Toano
Foton,Tunland
Foton,View
Fuso,Canter
Fuso,Rosa
GAC,Empow
GAC,GS3
GAC,GS4
GAC,GS5
GAC,GS8
GAC,M8
GMC,Acadia
GMC,Canyon
GMC,Hummer EV
GMC,Sierra
GMC,Terrain
GMC,Yukon
GWM,Cannon
GWM,Poer
GWM,Wingle
Geely,Coolray
Geely,Emgrand
Geely,Monjaro
Geely,Okavango
Geely,Preface
Geely,Starray
Geely,Tugella
Genesis,G70
Genesis,G80
Genesis,G90
Genesis,GV60
Genesis,GV70
Genesis,GV80
Haval,Dargo
Haval,H2
Haval,H6
Haval,H9
Haval,Jolion
Higer,Bus
Hino,300
Hino,500
Hino,700
Holden,Caprice
Holden,Commodore
Honda,Accord
Honda,CR-V
Honda,City
Honda,Civic
Honda,Crosstour
Honda,HR-V
Honda,Jazz
Honda,Odyssey
Honda,Passport
Honda,Pilot
Honda,S2000
Honda,ZR-V
Hongqi,E-HS9
Hongqi,H5
Hongqi,H9
Hongqi,HS5
Hongqi,HS7
Hummer,H2
Hummer,H3
Hummer,Hummer EV
Hyundai,Accent
Hyundai,Avante
Hyundai,Azera
Hyundai,Casper
Hyundai,Centennial
Hyundai,Creta
Hyundai,Elantra
Hyundai,Genesis
Hyundai,Getz
Hyundai,Grand Creta
Hyundai,Grand Santa Fe
Hyundai,Grand Starex
Hyundai,Grand i10
Hyundai,Grandeur
Hyundai,H1
Hyundai,H100
Hyundai,HD 46
Hyundai,Ioniq
Hyundai,Ioniq 5
Hyundai,Ioniq 6
Hyundai,Kona
Hyundai,Palisade
Hyundai,Porter
Hyundai,Santa Fe
Hyundai,Sonata
Hyundai,Stargazer
Hyundai,Staria
Hyundai,Tucson
Hyundai,Veloster
Hyundai,Venue
Hyundai,Veracruz
Hyundai,i10
Hyundai,i20
Hyundai,i30
INEOS,Grenadier
Infiniti,Q30
Infiniti,Q50
Infiniti,Q60
Infiniti,Q70
Infiniti,QX30
Infiniti,QX50
Infiniti,QX55
Infiniti,QX60
Infiniti,QX70
Infiniti,QX80
Isuzu,D-Max
Isuzu,MU-X
Isuzu,NPR
Isuzu,NQR
Iveco,Daily
JAC,JS2
JAC,JS3
JAC,JS4
JAC,JS6
JAC,S3
JAC,S4
JAC,S7
JAC,T8
JAECOO,J5
JAECOO,J7
JAECOO,J8
JMC,Carrying
JMC,Grand Avenue
JMC,Vigus
Jaguar,E-Pace
Jaguar,F-Pace
Jaguar,F-Type
Jaguar,I-Pace
Jaguar,XE
Jaguar,XF
Jaguar,XJ
Jeep,Cherokee
Jeep,Commander
Jeep,Compass
Jeep,Gladiator
Jeep,Grand Cherokee
Jeep,Grand Cherokee L
Jeep,Grand Wagoneer
Jeep,Patriot
Jeep,Renegade
Jeep,Wagoneer
Jeep,Wrangler
KTM,X-Bow
Kaiyi,E5
Kaiyi,X3
Kaiyi,X7
Karry,Dolphin
Karry,K50
Karry,K60
Karry,Q22
Karry,Q26
Kia,Carens
Kia,Carnival
Kia,Cerato
Kia,EV9
Kia,Forte
Kia,K3
Kia,K4
Kia,K5
Kia,K7
Kia,K8
Kia,K900
Kia,Mohave
Kia,Niro
Kia,Optima
Kia,Pegas
Kia,Picanto
Kia,Rio
Kia,Sedona
Kia,Seltos
Kia,Sonet
Kia,Sorento
Kia,Soul
Kia,Sportage
Kia,Stinger
Kia,Tasman
Kia,Telluride
King Long,Bus
Koenigsegg,Agera
Koenigsegg,Jesko
Koenigsegg,Regera
Lada,Granta
Lada,Niva
Lamborghini,Aventador
Lamborghini,Gallardo
Lamborghini,Huracan
Lamborghini,Murcielago
Lamborghini,Revuelto
Lamborghini,Urus
Lancia,Delta
Lancia,Ypsilon
Land Rover,Defender
Land Rover,Discovery
Land Rover,Discovery Sport
Land Rover,LR2
Land Rover,LR3
Land Rover,LR4
Land Rover,Range Rover
Land Rover,Range Rover Evoque
Land Rover,Range Rover Sport
Land Rover,Range Rover Velar
Leapmotor,C10
Leapmotor,C11
Leapmotor,C16
Leapmotor,T03
Lexus,ES Series
Lexus,GS Series
Lexus,GX Series
Lexus,IS Series
Lexus,LBX
Lexus,LC Series
Lexus,LM Series
Lexus,LS Series
Lexus,LX Series
Lexus,NX Series
Lexus,RC Series
Lexus,RX Series
Lexus,TX Series
Lexus,UX Series
Li Auto,L6
Li Auto,L7
Li Auto,L8
Li Auto,L9
Li Auto,MEGA
Lincoln,Aviator
Lincoln,Corsair
Lincoln,MKC
Lincoln,MKS
Lincoln,MKT
Lincoln,MKX
Lincoln,MKZ
Lincoln,Nautilus
Lincoln,Navigator
Livan,X3 Pro
Livan,X6 Pro
Lotus,Eletre
Lotus,Elise
Lotus,Emira
Lotus,Evora
Lotus,Exige
Lucid,Air
Lucid,Gravity
Luxeed,R7
Luxeed,S7
Lynk & Co,01
Lynk & Co,02
Lynk & Co,03
Lynk & Co,05
Lynk & Co,06
Lynk & Co,09
MG,3
MG,5
MG,6
MG,7
MG,9
MG,Cyberster
MG,GT
MG,HS
MG,Marvel R
MG,RX5
MG,RX8
MG,ZS
MG,ZS EV
MHERO,1
MINI,Aceman
MINI,Clubman
MINI,Clubvan
MINI,Convertible
MINI,Cooper
MINI,Countryman
MINI,Paceman
Maextro,S800
Mahindra,Bolero
Mahindra,Pik Up
Mahindra,Scorpio
Mahindra,Thar
Mahindra,XUV500
Mahindra,XUV700
Maserati,Ghibli
Maserati,GranCabrio
Maserati,GranTurismo
Maserati,Grecale
Maserati,Levante
Maserati,MC20
Maserati,Quattroporte
Maxus,D60
Maxus,D90
Maxus,G10
Maxus,G50
Maxus,T90
Maxus,V80
Maybach,GLS
Maybach,S-Class
McLaren,570S
McLaren,600LT
McLaren,650S
McLaren,675LT
McLaren,720S
McLaren,750S
McLaren,765LT
McLaren,Artura
McLaren,GT
McLaren,P1
Mercedes-Benz,A-Class
Mercedes-Benz,B-Class
Mercedes-Benz,C-Class
Mercedes-Benz,CLA-Class
Mercedes-Benz,CLE-Class
Mercedes-Benz,CLS-Class
Mercedes-Benz,E-Class
Mercedes-Benz,EQA
Mercedes-Benz,EQB
Mercedes-Benz,EQC
Mercedes-Benz,EQE
Mercedes-Benz,EQS
Mercedes-Benz,G-Class
Mercedes-Benz,GLA-Class
Mercedes-Benz,GLB-Class
Mercedes-Benz,GLC Coupe
Mercedes-Benz,GLC-Class
Mercedes-Benz,GLE Coupe
Mercedes-Benz,GLE-Class
Mercedes-Benz,GLS-Class
Mercedes-Benz,S-Class
Mercedes-Benz,SL-Class
Mercedes-Benz,SLC-Class
Mercedes-Benz,SLK-Class
Mercedes-Benz,SLS
Mercedes-Benz,Sprinter
Mercedes-Benz,V-Class
Mercedes-Benz,Viano
Mercedes-Benz,Vito
Mercedes-Benz,X-Class
Mercedes-Maybach,GLS
Mercedes-Maybach,S-Class
Mercury,Grand Marquis
Mercury,Milan
Mitsubishi,ASX
Mitsubishi,Attrage
Mitsubishi,Canter
Mitsubishi,Eclipse Cross
Mitsubishi,Galant
Mitsubishi,L200
Mitsubishi,Lancer
Mitsubishi,Lancer EX
Mitsubishi,Lancer Evolution
Mitsubishi,Mirage
Mitsubishi,Montero
Mitsubishi,Montero Sport
Mitsubishi,Nativa
Mitsubishi,Outlander
Mitsubishi,Outlander Sport
Mitsubishi,Pajero
Mitsubishi,Pajero Sport
Mitsubishi,Rosa
Mitsubishi,Xpander
Mitsubishi,Xpander Cross
Morgan,3 Wheeler
Morgan,Plus Four
Morgan,Plus Six
Nio,ES6
Nio,ES7
Nio,ES8
Nio,ET5
Nio,ET7
Nissan,300ZX
Nissan,370Z
Nissan,Altima
Nissan,Armada
Nissan,Frontier
Nissan,GT-R
Nissan,Juke
Nissan,Kicks
Nissan,Maxima
Nissan,Micra
Nissan,Murano
Nissan,Navara
Nissan,Pathfinder
Nissan,Patrol
Nissan,Patrol Safari
Nissan,Qashqai
Nissan,Rogue
Nissan,Rogue Sport
Nissan,Sentra
Nissan,Sunny
Nissan,Teana
Nissan,Tiida
Nissan,Titan
Nissan,Urvan
Nissan,Versa
Nissan,X-Trail
Nissan,Xterra
Nissan,Z
OMODA,C5
OMODA,C7
Opel,Astra
Opel,Corsa
Opel,Crossland
Opel,Grandland
Opel,Mokka
Opel,Zafira
Peugeot,2008
Peugeot,208
Peugeot,3008
Peugeot,301
Peugeot,308
Peugeot,408
Peugeot,5008
Peugeot,508
Peugeot,Partner
Peugeot,Traveller
Polaris,RZR
Polaris,Slingshot
Polestar,2
Polestar,3
Polestar,4
Pontiac,Firebird
Pontiac,GTO
Pontiac,Trans Am
Porsche,718
Porsche,911
Porsche,Boxster
Porsche,Carrera GT
Porsche,Cayenne
Porsche,Cayman
Porsche,Macan
Porsche,Panamera
Porsche,Taycan
RAM,1500
RAM,2500
RAM,3500
RAM,TRX
ROX,01
Rabdan,One
Rabdan,Terra
Renault,Arkana
Renault,Captur
Renault,Clio
Renault,Duster
Renault,Koleos
Renault,Master
Renault,Megane
Renault,Symbol
Renault,Talisman
Renault,Trafic
Riddara,RD6
Roewe,RX5
Roewe,RX8
Roewe,i5
Roewe,i6
SAIC,Maxus D60
SAIC,Maxus D90
SAIC,Maxus G10
SAIC,Maxus G50
Scion,FR-S
Scion,tC
Scion,xB
Seres,3
Seres,5
Seres,7
Shelby,Cobra
Shelby,GT500
Shelby,Super Snake
Skoda,Fabia
Skoda,Kamiq
Skoda,Karoq
Skoda,Kodiaq
Skoda,Octavia
Skoda,Scala
Skoda,Superb
Skywell,BE11
Skywell,ET5
Smart,#1
Smart,#3
Smart,Forfour
Smart,Fortwo
Soueast,DX3
Soueast,DX5
Soueast,DX7
Soueast,S09
Spruce,S1
Spruce,S3
SsangYong,Actyon
SsangYong,Korando
SsangYong,Musso
SsangYong,Rexton
SsangYong,Tivoli
Stelato,S9
Subaru,BRZ
Subaru,Forester
Subaru,Impreza
Subaru,Legacy
Subaru,Outback
Subaru,WRX
Subaru,XV
Suzuki,Alto
Suzuki,Baleno
Suzuki,Celerio
Suzuki,Ciaz
Suzuki,Ertiga
Suzuki,Fronx
Suzuki,Grand Vitara
Suzuki,Jimny
Suzuki,Swift
Suzuki,Vitara
Suzuki,XL7
TANK,300
TANK,500
TANK,700
TATA,Altroz
TATA,Harrier
TATA,Nexon
TATA,Punch
TATA,Safari
TATA,Tiago
TATA,Tigor
Tesla,Cybertruck
Tesla,Model 3
Tesla,Model S
Tesla,Model X
Tesla,Model Y
Toyota,4Runner
Toyota,86
Toyota,Allion
Toyota,Alphard
Toyota,Aurion
Toyota,Avalon
Toyota,Avanza
Toyota,C-HR
Toyota,Camry
Toyota,Celica
Toyota,Century
Toyota,Coaster
Toyota,Corolla
Toyota,Corolla Cross
Toyota,Corona
Toyota,Cresta
Toyota,Crown
Toyota,Crown Kluger
Toyota,FJ Cruiser
Toyota,Fortuner
Toyota,GR86
Toyota,Grand Highlander
Toyota,Granvia
Toyota,Hiace
Toyota,Highlander
Toyota,Hilux
Toyota,Innova
Toyota,Land Cruiser
Toyota,Land Cruiser 70 Series
Toyota,Lite Ace
Toyota,MR2
Toyota,Mirai
Toyota,Prado
Toyota,Previa
Toyota,Prius
Toyota,RAV4
Toyota,Raize
Toyota,Rush
Toyota,Sequoia
Toyota,Sienna
Toyota,Supra
Toyota,Tacoma
Toyota,Tundra
Toyota,Urban Cruiser
Toyota,Veloz
Toyota,Vios
Toyota,Wish
Toyota,Yaris
Toyota,Zelas
Toyota,bZ3X
Toyota,bZ4X
Toyota,iQ
Victory,V1
Victory,V2
Victory,V3
Victory,V5
Volkswagen,Amarok
Volkswagen,Atlas
Volkswagen,Beetle
Volkswagen,Bora
Volkswagen,CC
Volkswagen,Caddy
Volkswagen,Crafter
Volkswagen,Eos
Volkswagen,Golf
Volkswagen,Golf GTI
Volkswagen,Golf R
Volkswagen,ID.3
Volkswagen,ID.4
Volkswagen,ID.7
Volkswagen,Jetta
Volkswagen,Kombi
Volkswagen,Passat
Volkswagen,Polo
Volkswagen,Scirocco
Volkswagen,T-Roc
Volkswagen,Taigo
Volkswagen,Teramont
Volkswagen,Tiguan
Volkswagen,Touareg
Volkswagen,Transporter
Volvo,EX30
Volvo,EX40
Volvo,EX90
Volvo,S60
Volvo,S90
Volvo,V40
Volvo,V60
Volvo,V90
Volvo,XC40
Volvo,XC60
Volvo,XC90
Voyah,Dream
Voyah,Free
Voyah,Passion
WEY,Coffee 01
WEY,Coffee 02
XPeng,G3
XPeng,G6
XPeng,G9
XPeng,P5
XPeng,P7
Xiaomi,SU7
Xiaomi,YU7
Yamaha,Raptor
YangWang,U8
YangWang,U9
Yipai,eπ007
Yipai,eπ008
ZXAUTO,Grand Tiger
ZXAUTO,Terralord
Zeekr,001
Zeekr,009
Zeekr,7X
Zeekr,X
